
{
    "HomingOnBlockConfiguration": [
      {
        "description": "Number of entries",
        "index": "203A",
        "subIndex": "00",
        "access": "read only",
        "type": "UNSIGNED8",
        "value": "02",
        "Decimal value": null
      },
      {
        "description": "Minimum current for block detection",
        "index": "203A",
        "subIndex": "01",
        "access": "read/write",
        "type": "INTEGER32",
        "value": "000005DC",
        "Decimal value": "1500"
      },
      {
        "description": "Block detection time",
        "index": "203A",
        "subIndex": "02",
        "access": "read/write",
        "type": "INTEGER32",
        "value": "00000C8",
        "Decimal value": "200"
      }
    ],
    "DigitalInputHomingCapture": [
      {
        "description": "Number of entries",
        "index": "3243",
        "subIndex": "00",
        "access": "read only",
        "type": "UNSIGNED8",
        "value": "04",
        "Decimal value": null
      },
      {
        "description": "Control",
        "index": "3243",
        "subIndex": "01",
        "access": "read/write",
        "type": "UNSIGNED32",
        "value": "00000000",
        "Decimal value": null
      },
      {
        "description": "Capture Count",
        "index": "3243",
        "subIndex": "02",
        "access": "read/write",
        "type": "UNSIGNED32",
        "value": "00000000",
        "Decimal value": null
      },
      {
        "description": "Value",
        "index": "3243",
        "subIndex": "03",
        "access": "read/write",
        "type": "UNSIGNED32",
        "value": "00000000",
        "Decimal value": null
      },
      {
        "description": "Sensor Raw Value",
        "index": "3243",
        "subIndex": "04",
        "access": "read/write",
        "type": "UNSIGNED32",
        "value": "00000000",
        "Decimal value": null
      }
    ],
    "HomingMethod": [
      {
        "description": "Homing method",
        "index": "6098",
        "subIndex": "00",
        "access": "read/write",
        "type": "INTEGER8",
        "value": "11",
        "Decimal value": null
      },
      {
        "description": "Homing speed - Number of entries",
        "index": "6099",
        "subIndex": "00",
        "access": "read only",
        "type": "UNSIGNED8",
        "value": "02",
        "Decimal value": null
      },
      {
        "description": "Homing speed - Speed during search for switch",
        "index": "6099",
        "subIndex": "01",
        "access": "read/write",
        "type": "UNSIGNED32",
        "value": "00000006",
        "Decimal value": "6"
      },
      {
        "description": "Homing speed - Speed during search for zero",
        "index": "6099",
        "subIndex": "02",
        "access": "read/write",
        "type": "UNSIGNED32",
        "value": "00000003",
        "Decimal value": "3"
      },
      {
        "description": "Homing acceleration",
        "index": "609A",
        "subIndex": "00",
        "access": "read/write",
        "type": "UNSIGNED32",
        "value": "0000003C",
        "Decimal value": "60"
      }
    ]
  }
  